Time,137Cs,137Ba(meta 1),90Sr,90Y,99Tc,126Sn,126Sb(meta 1),126Sb,126Sb(meta 2),135Cs,151Sm,226Ra,222Rn,218Po,214Pb,214Bi,210Tl,210Pb,206Hg,206Tl,210Bi,210Po,214Po,218At,218Rn
1.0,1.9557121350849607,1.845398525563818,0.4881095954748385,0.48823336763679837,0.04999983613219069,0.11999963835066521,0.11999963836973399,0.016799951830359157,0.08031755794279719,0.2099999367112806,0.08934364477877514,0.999566867746149,0.9995734071775765,0.9995734108253758,0.9993535366393599,0.9995732464024554,0.00020991038206879078,0.030233022675610934,5.744143248126354e-10,4.2062081595883396e-08,0.029634401374329284,0.015783490195811715,0.9993635559268645,0.00021990615038768022,2.1990615038783696e-07
1.0974987654930561,1.951448529363514,1.8413754121370811,0.4869655337033182,0.4870890157603504,0.04999982015531031,0.11999960309035984,0.11999960310942862,0.01679994691395829,0.0803175343425459,0.2099999305407096,0.0892799076181905,0.9995246479246492,0.9995311870798635,0.9995311907275086,0.9993113258285642,0.9995310263115331,0.00020990151584968344,0.033175421622344145,6.303199451542843e-10,4.623992767629951e-08,0.03257864347221569,0.01829420313929241,0.9993213446928731,0.00021989686196614917,2.1989686196630596e-07
1.2045035402587823,1.946780250911067,1.8369704518877534,0.4857130135228018,0.48583617797261613,0.049999802620709695,0.11999956439223014,0.11999956441129891,0.016799941499038313,0.08031750844130722,0.20999992376851576,0.08921000849755661,0.9994783137752349,0.9994848526273189,0.9994848562747951,0.9992650015679485,0.9994846918664411,0.00020989178561619908,0.03639427390688435,6.914781827076947e-10,5.081030376039591e-08,0.0357995121724567,0.021129850664707312,0.999275019967821,0.0002198866683865519,2.1988666838670866e-07
1.321941148466029,1.9416700661674007,1.8321485114461384,0.48434208192288347,0.4844648987393598,0.04999978337651425,0.11999952192109493,0.11999952194016371,0.01679993555340396,0.08031748001473937,0.20999991633604162,0.08913335728645576,0.9994274645756547,0.9994340030950697,0.9994340067423604,0.9992141632207848,0.999433842342371,0.00020988110721612783,0.0399144430064602,7.583614438817976e-10,5.580851297826094e-08,0.03932188655418606,0.02431911147881311,0.9992241811109639,0.00021987548148941596,2.1987548148957273e-07
1.4508287784959397,1.9360775552017344,1.826871450801913,0.4828419395436172,0.48296437596219255,0.04999976225604202,0.11999947530909379,0.11999947532816255,0.016799929027753104,0.08031744881662782,0.20999990817891076,0.08904930848019513,0.9993716606195137,0.9993781987738445,0.9993782024209312,0.9991583711745222,0.9993780380301212,0.00020986938831053732,0.04376280238070244,8.314803247788717e-10,6.127271239756087e-08,0.043172656944279554,0.027891369986399538,0.9991683885053427,0.00021986320453870118,2.1986320453885797e-07
1.5922827933410924,1.929958888499872,1.8210979126817808,0.4812008825600908,0.48132290284841045,0.04999973907636009,0.1199994241525009,0.11999942417156965,0.016799921865831256,0.08031741457675286,0.20999989922647005,0.0889571562380774,0.9993104194328973,0.999316957186572,0.9993169608334356,0.9990971430582171,0.9993167964526992,0.00020985652757925878,0.047968350941827505,9.113858051296385e-10,6.724407697889407e-08,0.04738084046118274,0.03187669161628585,0.9991071597751789,0.00021984973138945176,2.198497313896085e-07
1.7475284000076838,1.923266598828072,1.8147831072815548,0.47940624358661676,0.4795278088001997,0.049999713636700166,0.11999936800822848,0.11999936802729724,0.01679991400563208,0.08031737699854916,0.2099998894011779,0.08885612902568911,0.9992432116257042,0.9992497489396877,0.9992497525863058,0.9990299495947527,0.9992495882166249,0.00020984241384966137,0.052562324633984844,9.986713683024026e-10,7.376695800700048e-08,0.05197769266572563,0.03630588706931335,0.9990399656380484,0.00021983494557508283,2.1983494557523955e-07
1.9179102616724888,1.9159493508109273,1.8078785948411917,0.47744433236817524,0.47756540009104037,0.04999968571671969,0.11999930638998904,0.11999930640905777,0.016799905379077294,0.08031733575653721,0.20999987861793237,0.08874538384003183,0.9991694563427994,0.9991759931742561,0.9991759968206052,0.9989562100529616,0.9991758324630565,0.00020982692514138815,0.05757830105030582,1.093974989028527e-09,8.08890316367957e-08,0.0569968122455888,0.04121067852950125,0.9989662253569619,0.00021981871930662822,2.1981871930678494e-07
2.1049041445120205,1.9079517116544742,1.8003320693004583,0.47530037724886437,0.4754209013193147,0.04999965507459354,0.11999923876408372,0.11999923878315245,0.01679989591144915,0.08031729049350443,0.20999986678333435,0.08862399999765609,0.9990885162768538,0.9990950525787794,0.999095056224833,0.9988752872615324,0.9990948918805983,0.0002098099276190457,0.06305229328942685,1.197980916677616e-09,8.866143216128208e-08,0.062474234932865774,0.04662396889114886,0.9988853017542193,0.0002198009123755578,2.1980091237571456e-07
2.3101297000831598,1.8992139273963593,1.792087147169897,0.4729584686721664,0.4730783988942466,0.04999962144491953,0.11999916454478002,0.11999916456384872,0.01679988552074509,0.08031724081741115,0.20999985379487845,0.0884909724680674,0.9989996922011951,0.9990062279220099,0.9990062315677395,0.9987864821430229,0.9990060672381159,0.00020979127444409554,0.06902282840465235,1.3114211657928267e-09,9.713886340350966e-08,0.06844851200504923,0.0525801997563509,0.9987964957453703,0.0002197813709509967,2.1978137095115343e-07
2.535364493970112,1.8896717101947411,1.7830831668178777,0.47040150628179056,0.47052078812333076,0.04999958453641986,0.11999908308923862,0.11999908310830734,0.016799874116967612,0.08031718629799547,0.20999983954006504,0.08834520473774632,0.9989022169771448,0.9989087520602509,0.9989087557056247,0.9986890277224808,0.9989085913920352,0.00020977080451638696,0.07553100481658544,1.4350766069316663e-09,1.063796802399502e-07,0.07496076773681791,0.05911576744561415,0.9986990403477726,0.00021975992626133085,2.197599262614876e-07
2.782559402207125,1.8792560435002872,1.773255004632035,0.46761115156085786,0.46772972583950717,0.049999544029418384,0.11999899369194618,0.11999899371101487,0.016799861601344817,0.08031712646304666,0.20999982389542604,0.08818550119438974,0.9987952489861438,0.9988017833694368,0.9988017870144201,0.9985820825609677,0.9988016227184265,0.0002097483410948944,0.08262052193352354,1.569777529453993e-09,1.1644593066314333e-07,0.08205472904277952,0.06626945154019236,0.9985920941140521,0.00021973639314926523,2.197363931494219e-07
3.0538555088334154,1.8678930135152672,1.7625329159850518,0.4645677883774006,0.46468559093665673,0.04999949957307205,0.11999889557860473,0.11999889559767338,0.016799847865474983,0.08031706079431553,0.20999980672545537,0.08801055902670746,0.9986778649324297,0.9986843985477651,0.9986844021923201,0.9984647235597747,0.9986842379156354,0.0002097236902862702,0.09033767394573529,1.7164035236133257e-09,1.2740334697663524e-07,0.08977671927236136,0.07408280086792249,0.998474733936245,0.00021971056848840253,2.1971056848855915e-07
3.3516026509388426,1.8555036771535462,1.7508424106424807,0.46125049430132214,0.4613674556792873,0.049999450782332325,0.11999878789942592,0.11999878791849458,0.01679983279038772,0.08031698872302598,0.20999978788143542,0.0878189596426173,0.9985490519571226,0.9985555847297294,0.9985555883738143,0.9983359380761899,0.9985554241183188,0.0002096966393887919,0.09873129832717155,1.875882502088735e-09,1.3932127268117687e-07,0.09817560668458697,0.08260042009676713,0.9983459471614866,0.0002196822294483305,2.1968222944848712e-07
3.6783797718286344,1.8420039787960547,1.7381041742136958,0.45763702612696017,0.45775307122142617,0.049999397234610506,0.11999866972177135,0.11999866974083999,0.016799816245513632,0.08031690962494911,0.20999976720014868,0.08760915961835047,0.9984076989992593,0.9984142308470976,0.9984142344906668,0.9981946152863764,0.9984140702584228,0.00020966695507816787,0.10785266799561605,2.0491886510263744e-09,1.5227250936416019e-07,0.10730269654696711,0.0918701073371861,0.9982046229548034,0.00021965113159403711,2.1965113159419376e-07
4.0370172585965545,1.8273047305039785,1.7242340494811694,0.45370382367948453,0.4538188714139828,0.04999933846611793,0.11999854002207529,0.11999854004114391,0.0167997980875535,0.08031682281499704,0.20999974450246434,0.087379481203245,0.9982525873335779,0.9982591181666346,0.9982591218096376,0.9980395367251771,0.9982589576029087,0.0002096343814204596,0.11775531436460791,2.237339068023734e-09,1.6633306546540496e-07,0.11721155408399009,0.10194280813034724,0.9980495428388222,0.0002196170068042098,2.1961700680436636e-07
4.430621457583881,1.8113116730141834,1.7091430939554026,0.44942603670321635,0.4495399996998866,0.04999927396784939,0.11999839767698035,0.11999839769604892,0.016799778159237257,0.0803167275412898,0.20999971959178665,0.0871281024203801,0.9980823802086648,0.9980889099281814,0.9980889135705632,0.9978693659264722,0.9980887493918323,0.0002095986376960784,0.1284947666968229,2.4413888098405215e-09,1.81581786203088e-07,0.12795774367594046,0.11287237024472896,0.9978793703340244,0.00021957956099161242,2.1957956099176894e-07
4.862601580065355,1.7939256377935886,1.6927377327884825,0.44477758042243176,0.4448903646889788,0.04999920318117504,0.11999824145360871,0.11999824147267726,0.016799756287961994,0.08031662297864384,0.20999969225235207,0.08685304682227737,0.9978956115024181,0.9979021400000443,0.9979021436417446,0.9976826370810653,0.997901979493736,0.00020955941601741754,0.14012819128773474,2.662424036883473e-09,1.980998412730317e-07,0.13959846782674398,0.12471510161854373,0.9976926396165171,0.00021953847160727108,2.1953847160742763e-07
5.3366992312063095,1.7750428336482718,1.6749200292167572,0.4397312262216291,0.43984273086127423,0.04999912549300268,0.11999806999888529,0.11999807001795383,0.01679973228429717,0.08031650822142561,0.20999966224736044,0.08655217298433732,0.9976906733046297,0.9976972004614959,0.9976972041024482,0.9974777426219142,0.9976970399881508,0.00020951637872117817,0.15271391214454116,2.9015529060996636e-09,2.1597004428818625e-07,0.15219208755455788,0.13752914552397863,0.9974877431031415,0.00021949338490862466,2.194933849087812e-07
5.857020818056667,1.7545552848205341,1.6555880979466646,0.43425873479635607,0.43436885175155227,0.04999904023046836,0.11999788182781997,0.11999788184688849,0.016799705940344124,0.08031638227570904,0.20999962931692412,0.08622316384725491,0.9974658023288383,0.9974723280145389,0.9974723316546706,0.997252919638884,0.9974721675773631,0.0002094691555148398,0.16631079308589425,3.159893830863191e-09,2.3527597545535984e-07,0.16579750411830818,0.1513736895668411,0.997262917866088,0.00021944391297011224,2.194439129702687e-07
6.428073117284322,1.7323514510796452,1.6346366902687346,0.4283310400510355,0.42843965389381417,0.04999894665510955,0.11999767531064773,0.1199976753297162,0.016799677027935736,0.0803162440506679,0.2099995931758168,0.08586351605421645,0.9972190650474287,0.9972255891189086,0.9972255927581399,0.9970062350170205,0.9972254287214194,0.00020941734035501155,0.1809774597215629,3.438560698578462e-09,2.5610087690415857e-07,0.18047338052606537,0.1663080186578288,0.9970162307710215,0.000219389630412874,2.193896304130304e-07
7.054802310718643,1.708317063890196,1.6119579830611568,0.4219184929269597,0.4220254807111061,0.04999884395647036,0.1199974486587152,0.11999744867778364,0.016799645296660493,0.08031609234912968,0.20999955351100336,0.0854705294701634,0.9969483414352724,0.9969548637356065,0.99695486737385,0.9967355691836576,0.9969547033816619,0.00020936048803357467,0.1967713387772562,3.7386446178390545e-09,2.7852628867190224e-07,0.1962771802766436,0.1823904098618003,0.9967455622240259,0.00021933007082832856,2.1933007082848492e-07
7.742636826811272,1.6823362161370106,1.5874426070478331,0.4149911751748233,0.4150964063676166,0.04999873124508342,0.11999719990899181,0.1199971999280602,0.01679961047169407,0.08031592585720856,0.2099995099789282,0.08504129711983678,0.9966513071979847,0.9966578275550423,0.9966578311922016,0.9964385983404707,0.9966576672488738,0.00020929811044559282,0.21374749196831855,4.061191762012403e-09,3.0263039297696155e-07,0.21326400052412844,0.1996768539338956,0.9964485884034778,0.00021926472286836412,2.192647228685204e-07
8.497534359086444,1.654292745833347,1.5609809524573472,0.4075192937635088,0.4076226302774743,0.049998607544767856,0.11999692690707099,0.11999692692613936,0.0167995722514195,0.08031574313292793,0.2099994622025398,0.08457269583977027,0.9963254143511867,0.9963319325761668,0.9963319362121369,0.99611277504688,0.9963317723224165,0.00020922967251093104,0.23195722242649505,4.407176891329759e-09,3.284860355495697e-07,0.2314851776560353,0.21821957886634913,0.9961227618432581,0.0002191930259727479,2.1919302597290412e-07
9.326033468832199,1.6240719563828088,1.532464792252044,0.3994736670359988,0.39957496338393683,0.04999847178417648,0.11999662728851479,0.1199966273075831,0.016799530304815426,0.080315542593734,0.209999409768025,0.08406137800799288,0.9959678700069687,0.995974385892799,0.9959743895274642,0.9957553070110443,0.9959742256965578,0.0002091545877193847,0.25144643395322247,4.777472178676828e-09,3.561583960111935e-07,0.25098664554645855,0.2380653474478314,0.9957652902235307,0.00021911436570211767,2.191143657022739e-07
10.235310218990262,1.5915627168369726,1.5017892639188442,0.39082631374910776,0.3909254173484879,0.049998322787519346,0.11999629845838032,0.11999629847744858,0.016799484268589796,0.08031532250279252,0.20999935222122484,0.08350376479503448,0.9955756132131736,0.9955821265327559,0.9955821301659896,0.9953631339340855,0.9955819663996073,0.00020907221326689783,0.272253727598302,5.1728110445631275e-09,3.8570228529307107e-07,0.2718070309735896,0.2592535039930772,0.9953731132147351,0.00021902806864259084,2.1902806864274703e-07
11.233240329780276,1.5566599845927263,1.4688552498717025,0.3815511555957864,0.38164790725128384,0.04999815926438313,0.11999593756875086,0.11999593758781905,0.016799433744034198,0.0803150809539502,0.20999928906370083,0.08289604147190761,0.995145289680173,0.9951518001844647,0.995151803816128,0.99493290224226,0.9951516401205313,0.00020898184474815233,0.2944082268089766,5.593746834925392e-09,4.1715905766316404e-07,0.29397547744132285,0.28181375394273617,0.9949428772095061,0.00021893339684561866,2.1893339684577479e-07
12.328467394420665,1.519267789363521,1.4335721931094312,0.3716248424980555,0.37171907709336033,0.04999797979855858,0.1199955414940773,0.11999554151314544,0.0167993782935717,0.08031481585523008,0.2099992197484181,0.08223415541589803,0.9946732242186277,0.994679731634542,0.9946797352644825,0.9944609375306002,0.9946795716465379,0.00020888271036846056,0.3179271322887874,6.04060636341316e-09,4.5055313897944677e-07,0.31750919854513815,0.3057636726932694,0.9944709077660372,0.0002188295417642538,2.1882954176440984e-07
13.530477745798075,1.4793027101412712,1.395861378056616,0.3610277076264714,0.3611192550582667,0.04999778283577914,0.1199951068041168,0.11999510682318486,0.01679931743696823,0.08031452491071915,0.2099991436750072,0.08151381757374147,0.9941553907004357,0.9941618947285458,0.9941618983565965,0.9939432145302745,0.9941617348238326,0.00020877396463552444,0.3428130214079769,6.513438600150317e-09,4.858881922429893e-07,0.342410775733304,0.3311059561929854,0.9939531795751405,0.00021871561764451574,2.1871561764467172e-07
14.84968262254465,1.436697865193703,1.3556596955017834,0.34974485546264045,0.34983354185048504,0.04999756667026494,0.11999462973423423,0.11999462975330223,0.01679925064717479,0.0803142056006907,0.20999906018456435,0.08073050827409589,0.9935873793438597,0.9935938796558891,0.9935938832818668,0.9933753244006973,0.9935937198425374,0.00020865468148926813,0.3690509251566897,7.011959133806843e-09,5.231429672941447e-07,0.3686652334751578,0.3578254457394799,0.9933852837520282,0.00021859065432807174,2.1859065432822764e-07
16.297508346206442,1.3914074177395073,1.3129238941261276,0.3377673809604762,0.3378530301658362,0.04999732942995568,0.11999410615281016,0.11999410617187808,0.016799177345764582,0.08031385515978985,0.20999896855394465,0.07987948842639146,0.9929643611129272,0.9929708573490061,0.9929708609727105,0.9927524391365259,0.9929706976358638,0.00020852384682566459,0.39660523876450277,7.535491473328602e-09,5.622669143398569e-07,0.3962369479947725,0.3858859836835527,0.9927623922429529,0.00021845358942005353,2.1845358942020928e-07
17.886495290574352,1.3434115755552836,1.267635298103385,0.3250937106540707,0.3251761461394213,0.04999706906030484,0.1199935315254732,0.11999353154454098,0.016799096897925508,0.0803134705530938,0.2099988679894986,0.07895581729935205,0.9922810490109197,0.9922875407765898,0.9922875443978001,0.9920692728694109,0.9922873811733545,0.00020838035036831596,0.42541655053701033,8.082906795790083e-09,6.031756813629066e-07,0.42506647417309495,0.4152271859795648,0.992079219126571,0.00021830325977356912,2.1830325977372477e-07
19.630406500402714,1.2927220301493212,1.2198049394724104,0.3117310470973748,0.3118100941515753,0.04999678330649513,0.11999290087584752,0.11999290089491524,0.016799008606964858,0.0803130484498396,0.20999875762019868,0.07795437823646335,0.9915316560384959,0.9915381429014384,0.9915381465199141,0.9913200398350936,0.991537983418739,0.00020822297683960363,0.4553985071076583,8.65256438613746e-09,6.457466632387847e-07,0.4550674088898808,0.4457612518737678,0.9913299785806168,0.0002181383922404296,2.1813839224058513e-07
21.544346900318846,1.2393877391972234,1.169479014409616,0.29769688605766853,0.29777237440605936,0.04999646969392156,0.11999220874247689,0.11999220876154447,0.016798911708278637,0.08031258519459264,0.209998636490095,0.07686991383221362,0.9907098495792085,0.9907163310656752,0.9907163346811519,0.9904984087686562,0.9907161717151594,0.00020805039638158529,0.4864348714996089,9.242255740324843e-09,6.898148246198881e-07,0.48612344729693363,0.477369969932193,0.9905083392766959,0.00021795759363589688,2.179575936360523e-07
23.644894126454084,1.1835009039483535,1.1167445234747408,0.28302056130107867,0.2830923281072962,0.04999612550677345,0.1199914491315522,0.11999144915061968,0.016798805362733458,0.08031207677560656,0.20999850355003621,0.07569707225430278,0.9898087019694866,0.9898151775604067,0.9898151811725949,0.9895974534850538,0.9898150183548355,0.00020786115417562495,0.5183769716186145,9.849156086645076e-09,7.351690771823783e-07,0.5180858297658257,0.509902121582606,0.9896073749603245,0.00021775933986400883,2.1775933986416408e-07
25.950242113997373,1.1252029312128147,1.0617348973069034,0.2677447546953385,0.2678126479460537,0.049995747764530564,0.11999061546503495,0.11999061548410231,0.016798688649403783,0.08031151879010158,0.20999835764858268,0.07443046654223752,0.988820637007302,0.9888271061340395,0.9888271097426214,0.9886095993991988,0.9888269470873934,0.0002076536592091415,0.5510417784069903,1.0469787870629907e-08,7.815495509103648e-07,0.550771418888064,0.5431715257027616,0.9886195109704724,0.0002175419641494087,2.175419641495638e-07
28.48035868435802,1.0646900982966785,1.0046353420243541,0.25192689012308245,0.25199077236620043,0.04999533319617027,0.11998970052372813,0.11998970054279536,0.016798560557601882,0.0803109064061608,0.20999819752203416,0.07306474882681131,0.9877373721546385,0.98774383419437,0.987743837798999,0.9875265657407628,0.9877436753219616,0.0002074261721380494,0.5842108908336454,1.1100001469847712e-08,8.286461529686868e-07,0.5839616838740003,0.5769560064139108,0.9875364664537916,0.0002173036443218051,2.1730364432196006e-07
31.25715849688237,1.002218561341262,0.945687565064131,0.23564030920590762,0.23570006158690093,0.04999487821186337,0.11998869638480339,0.11998869640387043,0.01679841997813163,0.08031023432091637,0.20999802178348542,0.07159470147806439,0.9865498561946577,0.986556310465345,0.9865563140656403,0.9863393032246508,0.9865561517839423,0.0002071767921946801,0.617630733516635,1.1734978948735426e-08,8.760988483542039e-07,0.6174028983359223,0.6109975953741045,0.98634919203446,0.00021704238910045894,2.170423891006137e-07
34.30469286314919,0.9381082674412694,0.885193466633863,0.2189751065286827,0.21903063303871595,0.04999437887191405,0.11998759435324514,0.11998759437231203,0.01679826569369066,0.08030949671466396,0.20999782891081437,0.070015347175855,0.9852482021164543,0.9852546478713756,0.9852546514669206,0.9850379269500783,0.9852544893993371,0.00020690344309349078,0.6510142847362458,1.2369266890871483e-08,9.235001134993245e-07,0.6508078694097224,0.6450042920420903,0.9850478027125897,0.0002167560233287327,2.1675602332888727e-07
37.649358067924695,0.8727452557288202,0.8235173110012004,0.20203848408521335,0.20208971589914648,0.049993830852676516,0.11998638488662038,0.11998638490568708,0.016798096368338154,0.08030868720051001,0.2099976172334999,0.06832207977509173,0.983821615020172,0.9838280514419824,0.9838280550323212,0.9836116443210746,0.9838278931994029,0.0002066038578910418,0.6840446390816017,1.299684408931045e-08,9.703999948119269e-07,0.6838595026461365,0.6786536916244005,0.9836215057840063,0.0002164421721131121,2.1644217211326645e-07
41.32012400115339,0.8065817723858033,0.761085835018802,0.1849544720098827,0.18500137175345882,0.04999322940915412,0.11998505751252503,0.1199850575315915,0.01679791053593732,0.0803077987691174,0.20999738491815417,0.06651081756788789,0.9822583148649653,0.9822647410592515,0.9822647446438852,0.9820486778109329,0.9822645830681208,0.00020627556276296536,0.716380660285234,1.3611228950517353e-08,1.016314135004682e-06,0.716216458383932,0.7115987408544389,0.9820585236039236,0.00021609824382764668,2.1609824382780074e-07
45.34878508128585,0.7401335925733172,0.6983857211126145,0.16786285910362167,0.1679054248494637,0.049992569333958944,0.11998360073799576,0.11998360075706199,0.01679770658747306,0.08030682372807332,0.20999712995264488,0.06457818008119784,0.9805454539242254,0.9805518689125213,0.9805518724909043,0.9803361824350512,0.9805517111968954,0.00020591585966945236,0.7476648865129482,1.420562969498311e-08,1.0607349976115928e-06,0.7475210619726566,0.7434757867885535,0.9803460110589592,0.0002157214119539804,2.1572141195413427e-07
49.770235643321115,0.673973954816262,0.6359578738026423,0.15091718667984982,0.1509554554347472,0.04999184491227826,0.11998200195010615,0.11998200196917215,0.016797482757135416,0.080305753635357,0.20999685012866945,0.06252168883822667,0.9786690288694398,0.9786754315816656,0.9786754351532007,0.9784601578535571,0.9786752741678529,0.00020552180789274466,0.7775337051581497,1.4773137678455524e-08,1.1031463138993553e-06,0.7774094849047039,0.7739149359759737,0.9784699676688766,0.0002153085957396742,2.1530859573982767e-07
54.62277217684343,0.6087235887723501,0.5743880099641004,0.13428168765648418,0.13431573807251154,0.049991049872460405,0.11998024730689189,0.1199802473259576,0.01679723710704909,0.08030457922633404,0.20999654302263107,0.06033999149777484,0.9766137874793566,0.9766201767456482,0.9766201803096831,0.9764053551003821,0.9766200196624106,0.00020509020444593504,0.8056296143189537,1.530696036017137e-08,1.1430404925914025e-06,0.8055240139221058,0.8025525378964985,0.9764151443147242,0.00021485643967408778,2.1485643967424096e-07
59.94842503189412,0.5450364739866074,0.5142932208714404,0.11812710411453363,0.11815705813960885,0.049990177331794845,0.11997832161766536,0.11997832163673076,0.016796967510517506,0.08030329033364939,0.20999620597465,0.05803310740923754,0.9743631300687289,0.9743695046106232,0.9743695081664444,0.974155178033043,0.9743693478893917,0.000204617563372871,0.8316151385688058,1.5800685702687696e-08,1.1799383784701387e-06,0.8315269754417105,0.8290453525068713,0.97416494468763,0.00021436129180256154,2.1436129180271438e-07
65.79332246575683,0.4835812205784408,0.4563044031235445,0.10262539397111971,0.10265141715730892,0.04998921973702045,0.11997620821169096,0.11997620823075604,0.016796671633637333,0.08030187579932963,0.2099958360655295,0.05560269082835119,0.9718990058553885,0.971905364276329,0.9719053678231578,0.9716915797218335,0.9719052079514393,0.00020410009398510152,0.855187683197749,1.624856440266813e-08,1.2134103434852534e-06,0.8551155990336806,0.8530856732088891,0.9717013216769537,0.00021381918092702344,2.138191809271759e-07
72.20809018385468,0.42501832066698264,0.4010447932217077,0.08794344163256197,0.08796574184956645,0.04998816879905092,0.11997388879409188,0.11997388881315656,0.016796346915125437,0.0803003233783393,0.20999543009147642,0.053052305789330775,0.9692018046411296,0.9692081454162648,0.9692081489532506,0.968994954153826,0.9692079895252058,0.00020353367811471747,0.8760943230611176,1.6645790879209474e-08,1.2430972850174688e-06,0.8760368154699334,0.8744163833343486,0.9690046690732014,0.0002132257927756274,2.132257927757794e-07
79.24828983539177,0.3699739763255318,0.349105271780492,0.07423601502921195,0.07425483939193836,0.04998701542135717,0.11997134328775075,0.11997134330681501,0.016795990544184975,0.08029861963276255,0.20999498453635765,0.05038770390759224,0.9662502443770591,0.9662565658423042,0.9662565693685186,0.9660440238222171,0.9662564104259884,0.0002029138465029243,0.8941452729801646,1.6988759211637296e-08,1.2687297521274532e-06,0.8941007355128455,0.8928446705692475,0.9660537091562476,0.0002125764452669684,2.1257644526711992e-07
86.97490026177834,0.31901174118909004,0.30101760471442757,0.06163835314042476,0.06165398305694057,0.04998574962139242,0.1199685496598475,0.11996854967891137,0.016795599436220682,0.0802967498157025,0.209994495541253,0.04761709322029622,0.9630212554247869,0.9630275557651308,0.9630275592795612,0.9628157240122219,0.9630274008681807,0.00020223575449473713,0.909224631525324,1.7275267271534692e-08,1.290143200378768e-06,0.909191400404811,0.9082529658348489,0.9628253769800647,0.00021186606304737804,2.1186606304752913e-07
95.45484566618342,0.2726037689912473,0.25722731352554606,0.05025890805109149,0.05027165243015082,0.04998436044438712,0.11996548373154715,0.11996548375061052,0.01679517020619516,0.08029469774390217,0.20999395887103992,0.04475138264792164,0.9594898626191795,0.9594961398562152,0.9594961433577583,0.9592850848889943,0.9594959855272716,0.00020149415727200058,0.9212969890483673,1.7504642275444244e-08,1.3072873744541042e-06,0.9212733940540241,0.9206056721561477,0.9592947024594655,0.00021108915154455988,2.1108915154471035e-07
104.76157527896652,0.23110396647704626,0.2180683425489513,0.04017288090141406,0.040183067720864905,0.049982835868775714,0.11996211896920696,0.11996211898826979,0.016794699139397868,0.08029244565799643,0.20999336987772219,0.04180438295296426,0.9556290665954381,0.955635318574123,0.9556353220615765,0.9554251128500362,0.9556351648661681,0.0002006833849319163,0.9304086967920143,1.767776489796937e-08,1.3202281102223703e-06,0.9303931130011093,0.9299504587043773,0.9554346917213201,0.00021023977085937628,2.1023977085952623e-07
114.97569953977369,0.19472569917122906,0.18374202224610567,0.031417253690321285,0.03142522030570469,0.04998116270244714,0.11995842625531691,0.11995842627437915,0.0167941821593768,0.08028997406919912,0.2099927234601846,0.03879294146616247,0.9514097262731049,0.9514159506477469,0.9514159541198025,0.9512066730342825,0.9514157976184511,0.0001997973178085269,0.9366830356854154,1.7796977478824773e-08,1.329140475181713e-06,0.9366739323036753,0.936413344909171,0.9512162096124641,0.0002093115099121603,2.0931150991230952e-07
126.1856883066021,0.16352678188011813,0.15430290633017507,0.02398799935421634,0.02399408209991257,0.049979326468933334,0.11995437363721584,0.11995437365627744,0.01679361479275875,0.08028726159111478,0.20999201402002543,0.03573698476410254,0.9468004449032,0.9468066391227014,0.946806642577936,0.9465983753935583,0.9468064868347844,0.00019882936254246163,0.9403091879070018,1.7865874482382983e-08,1.3342931096651434e-06,0.9403051703589212,0.9401874759374123,0.9466078657700133,0.00020829746137292153,2.0829746137307006e-07
138.48863713938732,0.13740419457380804,0.12965378570336444,0.017840026662692843,0.017844550439094567,0.04997731128256579,0.11994992605143827,0.11994992607049917,0.01679299213065781,0.08028428475524006,0.20999123541308523,0.03265944147994285,0.941767462693892,0.9417736239862895,0.941773627423157,0.9415664673411674,0.9417734725079014,0.00019777242953218342,0.9415257320946917,1.788898890644663e-08,1.336024792358533e-06,0.9415255739876294,0.9415163233156009,0.9415759072688757,0.00020719019803883945,2.0719019803898717e-07
151.99110829529346,0.11610022898558334,0.10955148835218569,0.012890173765820308,0.012893442385593052,0.04997509971153747,0.11994504502134302,0.11994504504040314,0.01679230878634342,0.08028101780858186,0.2099903808962524,0.02958601722157743,0.9362745597471469,0.9362806851035171,0.9362806885203387,0.9360747367092547,0.9362805345086338,0.00019661891255055524,0.9406002255571341,1.787140434398727e-08,1.3347154498790302e-06,0.9406028880963428,0.9406729020688064,0.9360841215781415,0.00020598175148018596,2.059817514803328e-07
166.81005372000593,0.09922059474786431,0.09362396419145777,0.00902321671189345,0.009025504769843175,0.04997267262770704,0.11993968832545071,0.11993968834450998,0.01679155884880759,0.08027743249167071,0.20998944306908565,0.026544795983085203,0.9302829738760432,0.9302890600338704,0.9302890634288264,0.9300844295836623,0.9302889104027022,0.00019536067148636586,0.9378071312121722,1.7818335594678918e-08,1.3307548160765822e-06,0.9378117690353738,0.9379373025815602,0.9300937543951149,0.00020466359396001667,2.0466359396016258e-07
183.07382802953697,0.08626350155795673,0.08139772682584621,0.006100447590469099,0.006101994508608377,0.049970009041871634,0.11993380963367288,0.11993380965273122,0.01679073583183698,0.08027349779508341,0.2099884138097487,0.023565648331696196,0.9237513388416178,0.9237573822677568,0.9237573856388765,0.9235541885539563,0.9237572336871683,0.00019398901937398477,0.933406712867577,1.7734727674947443e-08,1.3245124662331677e-06,0.9334126668844587,0.9335752078308499,0.9235634478947221,0.00020322662484618788,2.0322662484633275e-07
200.9233002565048,0.07665710595653065,0.07233318811106064,0.003969970257894085,0.003970976941242028,0.049967085923114433,0.11992735810834905,0.11992735812740633,0.016789832618158067,0.08026917969241128,0.2099872842047037,0.02067943681505731,0.916635649659351,0.9166416465327654,0.916641649877917,0.9164400180273172,0.9166414990966982,0.00019249471510767759,0.9276274250978657,1.7624921225392452e-08,1.3163128130936105e-06,0.9276342044758772,0.9278199675110365,0.9164492060430539,0.00020166116297873335,2.0166116297887712e-07
220.51307399030455,0.06980128315814803,0.06586407380887392,0.002477547716655115,0.0024781759596564663,0.04996387800070212,0.11992027796671668,0.11992027798577289,0.016788841398182947,0.08026444084741462,0.20998604447155547,0.017917023970950772,0.908889262885959,0.9088952090804574,0.9088952123973398,0.9086952845152703,0.9088950628903564,0.0001908679635018328,0.9206537294072554,1.749242101771877e-08,1.306417807460407e-06,0.9206609860330995,0.9208601953024422,0.9087043948840992,0.0001999569467329591,1.9995694673310168e-07
242.01282647943833,0.06510880623975426,0.06143628002858199,0.0014767005795720356,0.001477075033229566,0.04996035754686404,0.11991250800112141,0.11991250802017636,0.01678775360283874,0.08025924029289219,0.20998468387438013,0.0153081080231182,0.9004629412094991,0.9004688322767673,0.9004688355628988,0.900270761214274,0.9004686874419963,0.00018909842465494354,0.9126202780427013,1.733978544710482e-08,1.2950186799543054e-06,0.912627777364505,0.9128338473921237,0.9002797871207803,0.00019810314382933073,1.9810314382947194e-07
265.6087782946687,0.06204097595645389,0.05854149331281947,0.0008368584510562184,0.0008370706570458197,0.049956494138629216,0.11990398105292861,0.1199039810719822,0.016786559829915202,0.08025353307856253,0.20998319063080706,0.012879934999270648,0.8913049532252204,0.8913107843785035,0.8913107876312141,0.8911147277602781,0.8913106410167473,0.00018717523490267021,0.9036122493088511,1.716863290319001e-08,1.282236417029985e-06,0.9036198413237915,0.9038285620198757,0.8911236618705102,0.00019608837328430418,1.9608837328444402e-07
291.5053062825179,0.06013366413351564,0.05674176502996323,0.0004487086366275066,0.00044882241770978883,0.04995225439672778,0.11989462343572052,0.11989462345477261,0.01678524976331233,0.08024726988500089,0.20998155181005118,0.010655961725188257,0.881361240971066,0.8813670070699476,0.8813670102863698,0.8811731377284674,0.8813668653075855,0.0001850870420005204,0.8936705888826048,1.6979741355119963e-08,1.2681292027907133e-06,0.8936781822578449,0.8938869919450722,0.881181972166616,0.00019390074226837778,1.9390074226851604e-07
319.92671377973846,0.059011482195023,0.055682880714914874,0.00022640454802738151,0.00022646195845456158,0.049947601699378535,0.11988435430295226,0.11988435432200273,0.016783812084512163,0.08024039660040208,0.2099797532210163,0.008654568800421484,0.8705756695908651,0.8705813651276797,0.870581368304741,0.8703898682431713,0.8705812251001204,0.00018282205755345367,0.8828002744403894,1.6773205379573053e-08,1.2527041534281347e-06,0.8828078155836512,0.8830152130657557,0.8703985945707532,0.00019152790103235367,1.9152790103249023e-07
351.11917342151344,0.058389977899333805,0.055096432895834435,0.00010686635615620806,0.00010689345474239619,0.04994249586858442,0.1198730849547937,0.11987308497384236,0.01678223437553664,0.08023285385663931,0.20997777928950292,0.006887941904433997,0.8588903753412611,0.8588959944297829,0.8588959975642002,0.8587070679105185,0.8588958562817424,0.0001803681300978034,0.8709796110455419,1.654861277324173e-08,1.2359305151172852e-06,0.87098706870113,0.871192180548671,0.8587156771090455,0.00018895711946936343,1.8895711946949813e-07
385.3528593710531,0.05806784769317876,0.05479247271700724,4.6882196889461436e-05,4.6894085020570176e-05,0.04993689282633931,0.11986071807839874,0.11986071809744547,0.016780503012585303,0.08022457652076503,0.20997561292346195,0.005361248435815403,0.8462462299860304,0.8462517663532013,0.8462517694414754,0.8460656211136435,0.8462516302389057,0.00017771284262470572,0.8581689383256326,1.6305209989313052e-08,1.2177520266319872e-06,0.8581762932607812,0.8583785840901388,0.8460741035719476,0.00018617538928228678,1.8617538928241954e-07
422.9242874389499,0.057912590847255814,0.05464597326508012,1.8979581286475635e-05,1.898439402490713e-05,0.049930744217914276,0.11984714691531795,0.1198471469343625,0.01677860304947301,0.08021549313774759,0.209973235365132,0.004072229339048982,0.8325834413216232,0.8325888883032088,0.8325888913416222,0.8324057484100605,0.8325887543865015,0.00017484363869126843,0.8443177907982823,1.6042038183747894e-08,1.1980970855220147e-06,0.8443250295404996,0.8445241260889969,0.8324140939176393,0.0001831695561002358,1.8316955610036633e-07
464.1588833612782,0.05784349318463379,0.054580773114688064,7.035183912998864e-06,7.036967856463139e-06,0.04992399699913546,0.1198322543491978,0.11983225436824002,0.016776518089907853,0.08020552531985486,0.20997062602878622,0.003011299040936088,0.8178423110023342,0.8178476615435375,0.8178476645281549,0.8176677641950972,0.8178475299978641,0.00017174798156487236,0.829370242561654,1.5758034764462394e-08,1.1768863361969634e-06,0.8293773539686818,0.8295729487385299,0.8176759619430536,0.00017992648620118306,1.7992648620131129e-07
509.413801481638,0.057815313143647885,0.05455418259280044,2.367234197561469e-06,2.3678344678639048e-06,0.049916592984289854,0.11981591190629425,0.11981591192533385,0.016774230147563,0.08019458707768287,0.20996776232269057,0.002162198523906276,0.8019641717840076,0.8019694184462148,0.8019694213728868,0.8017930137455688,0.8019692894544577,0.00016841355104560584,0.8132686795907664,1.5452105064996132e-08,1.1540380252672875e-06,0.81327565317131,0.813467457250991,0.8018010523369474,0.00017643327270692717,1.76433272707053e-07
559.0810182512229,0.057804869739963106,0.05454432825815271,7.162864631323402e-07,7.164680951366e-07,0.04990846835099683,0.11979797866065822,0.11979797867969497,0.016771719492802664,0.08018258408737997,0.20996461945374043,0.0015031808649548016,0.7848925265231999,0.7848976614981783,0.7848976643625494,0.7847250119758529,0.7848975352523062,0.00016482848265761575,0.7959564901907666,1.512317346314537e-08,1.1294718206396338e-06,0.7959633153833202,0.7961510381774579,0.7847328794473919,0.00017267748616454887,1.7267748616467193e-07
613.5907273413176,0.057801384955559434,0.05454104003596718,1.92892499201982e-07,1.9294141182708383e-07,0.049899553098062696,0.1197783000351313,0.11977830005416493,0.01676896448482147,0.0801694128881354,0.2099611702130947,0.0010086334893140726,0.7665744104268682,0.766579425559875,0.7665794283573965,0.7664108053968404,0.7665793022603764,0.00016098165372336782,0.7773801807906752,1.4770223581054359e-08,1.1031118144800366e-06,0.7773868467076828,0.7775701887320798,0.7664184892543786,0.00016864747424330347,1.6864747424342368e-07
673.4150657750828,0.05780034843739676,0.05454006198349006,4.570796940118214e-08,4.571955977810575e-08,0.04988977045198975,0.11975670648851312,0.11975670650754328,0.016765941387847847,0.08015496000348063,0.20995738474096343,0.0006509702659439849,0.7469619957422706,0.7469668825656618,0.7469668852916098,0.7468025764633581,0.7469667624207177,0.00015686302035067688,0.7574913100717113,1.4392335033657951e-08,1.0748892680269815e-06,0.7574978054471571,0.7576764568303045,0.7468100637333265,0.00016433271476871072,1.6433271476882792e-07
739.0722033525783,0.05780007662695936,0.054539805504750766,9.41239739990866e-09,9.414784144168992e-09,0.049879036217442,0.11973301207842775,0.11973301209745417,0.016762624169945325,0.08013910097939432,0.20995323026852805,0.00040257551973916345,0.7260144538248292,0.7260192036038481,0.7260192062533506,0.7258595052446223,0.7260190868282069,0.00015246400846945395,0.7362484883820357,1.3988721417563644e-08,1.044745448879721e-06,0.7362548016038373,0.7364284429611209,0.7258667825442008,0.0001597242253801659,1.5972422538027976e-07
811.1308307896873,0.057800014538154434,0.05453974691811752,1.6614833425562906e-09,1.6619046524163613e-09,0.04986725806657357,0.11970701288852276,0.11970701290754504,0.016758984282820338,0.08012169933160303,0.2099486708347775,0.00023756597289268337,0.7037000827642461,0.7037046865567339,0.7037046891248029,0.703549896596269,0.7037045733702431,0.00014777796063604242,0.7136195698892754,1.3558771961950331e-08,1.0126347417184993e-06,0.7136256890715029,0.7137939934873864,0.7035569502248692,0.0001548150316117493,1.5481503161185968e-07
890.2150854450392,0.0578000023456073,0.054539735413301337,2.476596427076278e-10,2.4772244288548196e-10,0.049854334761704644,0.11967848530767895,0.1196784853266967,0.016754990420911563,0.08010260539383054,0.20994366697583072,0.00013316427753922632,0.6799986988662068,0.680003147597958,0.6800031500795316,0.6798535711316597,0.6800030382237112,0.00014280063824758163,0.6895840868889973,1.3102097780429959e-08,9.785281026252957e-07,0.6895899999705196,0.6897526357108451,0.6798603871863795,0.00014960069302164504,1.4960069302175172e-07
977.0099572992257,0.05780000031677985,0.05453973349891162,3.06632398390991e-11,3.067101525577348e-11,0.049840155305382126,0.11964718414789054,0.1196471841669033,0.016750608257893124,0.08008165505806672,0.20993817538408294,7.054729893022197e-05,0.654904276627972,0.6549085611853607,0.654908563575355,0.6547645046340392,0.6549084558474209,0.0001375307759404196,0.664135929012418,1.2618582775994495e-08,9.4241686091347e-07,0.6641416238797524,0.6642982577704626,0.6547710691515792,0.00014407988399057315,1.4407988399067587e-07
1072.2672220103243,0.05780000003519531,0.054539733233210104,3.0968939286293817e-12,3.097679222056228e-12,0.049824598011389394,0.11961284058639629,0.11961284060540361,0.016745800158572875,0.08005866839720517,0.20993214853425582,3.5129536351404833e-05,0.6284278037833227,0.6284319151246072,0.628431917417979,0.6282936824921475,0.6284318140452702,0.00013197068115337857,0.6372862388864723,1.2108438658557792e-08,9.043168281044935e-07,0.6372917035216863,0.637442005016806,0.6282999816193444,0.00013825502183578887,1.3825502183588746e-07
1176.811952434999,0.05780000000315625,0.054539733202978224,2.50124313036789e-13,2.5018773819226704e-13,0.04980752948977224,0.11957515991650065,0.11957515993550198,0.01674052486400734,0.08003344815963391,0.20992553427315352,1.6343348512256817e-05,0.6006002950034255,0.6006042242897707,0.6006042264815895,0.6004721127578897,0.6006041276863433,0.00012612686700897628,0.6090664683716183,1.1572263013474452e-08,8.642726347661594e-07,0.6090716910264748,0.6092153369978417,0.6004781329524611,0.00013213292982961343,1.3213292982970765e-07
1291.549665014884,0.05780000000022374,0.05453973320021114,1.580671853390876e-14,1.5810726715154466e-14,0.049788803538428565,0.11953381909032494,0.11953381910931969,0.016734737147486817,0.08000577812456207,0.2099182753696198,7.056799315769766e-06,0.5714758796280962,0.5714796183747953,0.5714796204603281,0.5713539132186062,0.5714795264558785,0.00012001070074113023,0.5795315098249549,1.1011098795539679e-08,8.223621738125628e-07,0.5795364792219118,0.5796731594875142,0.5713596414808411,0.00012572551650475827,1.2572551650484788e-07
1417.4741629268062,0.057800000000012244,0.05453973320001156,7.63125346130959e-16,7.63318855283028e-16,0.04976825993327071,0.11948846403547765,0.11948846405446521,0.01672838743886916,0.07997542130602693,0.2099103090208557,2.8074591644534933e-06,0.5411348454574186,0.5411383857050289,0.5411383876798357,0.5410193545390733,0.5411382986663092,0.00011363904289547758,0.5487627827983196,1.0426492976253666e-08,7.78700980565776e-07,0.5487674883579939,0.5488969119383069,0.5410247786740364,0.00011905044529286484,1.1905044529294972e-07
1555.6761439304723,0.05780000000000052,0.05453973320000048,2.7416858579829063e-17,2.7423810796896774e-17,0.04974572310841536,0.11943870672633482,0.11943870674531445,0.016721421414558985,0.07994211799265794,0.20990156631089305,1.0209181553897717e-06,0.5096864828433577,0.5096898173474431,0.5096898192074828,0.5095777037461219,0.5096897353670288,0.00010703484459242632,0.5168711182207874,9.820551343289682e-09,7.334463254454668e-07,0.5168755503141566,0.5169974523687004,0.5095828126543636,0.00011213176022875538,1.1213176022883533e-07
1707.352647470692,0.05780000000000002,0.05453973320000002,7.121884328139248e-19,7.123690256620667e-19,0.04972100071729311,0.11938412198928988,0.11938412200826089,0.016713779550242565,0.07990558360938266,0.2098919716166173,3.3638374613972595e-07,0.47727153261715,0.4772746550540379,0.47727465679578307,0.4771696716335805,0.47727457828739933,0.00010022766159518824,0.48399924083250606,9.195985666737324e-09,6.868007365723234e-07,0.48400339105439,0.48411754040376415,0.4771744556263851,0.00010500042449798371,1.0500042449805858e-07
1873.817422860385,0.057800000000000004,0.05453973320000001,1.2959712763502535e-20,1.2962999016594033e-20,0.04969388206500635,0.11932424401998086,0.11932424403894233,0.016705396633299584,0.07986550638635453,0.20988144195629715,9.946481313516517e-08,0.44406400042394784,0.4440669056083571,0.4440669072289154,0.4439692267096998,0.4440668341829769,9.325403532248648e-05,0.4503236090945379,8.556148657389928e-09,6.390146106222234e-07,0.45032747055286176,0.45043367763471076,0.4439736778425197,9.769471959307023e-05,9.769471959313989e-08
2056.5123083486537,0.057800000000000004,0.05453973320000001,1.5956881845840478e-22,1.5960928104677648e-22,0.049664136401709295,0.11925856258914985,0.11925856260810089,0.016696201231623367,0.07982154481947779,0.2098698862751008,2.611625817678073e-08,0.41027206285363205,0.4102747469622277,0.4102747484594663,0.41018450113457416,0.4102746809721046,8.615768313724066e-05,0.4160553340926598,7.90505142591692e-09,5.903875167617652e-07,0.41605890170559556,0.4161570267472973,0.4101886135495465,9.026044466358532e-05,9.026044466364968e-08
2257.0197196339213,0.057800000000000004,0.05453973320000001,1.2797125342432158e-24,1.2800370367494538e-24,0.04963151106625263,0.11918651891246397,0.11918651893140356,0.01668611511539574,0.0797733249060167,0.2098572046615585,6.019067267323742e-09,0.37613776299252116,0.3761402237854784,0.376140225158148,0.37605748633682806,0.3761401632856795,7.89894344120177e-05,0.3814398707975145,7.2473576168066095e-09,5.412677585427118e-07,0.38144314158797354,0.38153310270651175,0.3760612566022404,8.275084953708706e-05,8.275084953714607e-08
2477.0763559917114,0.057800000000000004,0.05453973320000001,6.411142557236537e-27,6.412768259706432e-27,0.04959572946884408,0.11910750115835791,0.11910750117728493,0.0166750526281849,0.07972043713792713,0.20984328748836192,1.2022741408157983e-09,0.3419351819631938,0.3419374189937989,0.34193742024165036,0.3418622049436745,0.341937363995307,7.180684654994363e-05,0.3467551638301164,6.5883481779104934e-09,4.920497427209725e-07,0.3467581372043449,0.346839918068867,0.3418656323751016,7.522623245524894e-05,7.522623245530257e-08
2718.588242732943,0.057800000000000004,0.05453973320000001,1.9164347059653744e-29,1.916920664997959e-29,0.049556488901045984,0.1190208395667919,0.11902083958570513,0.0166629200035714,0.07966243323476803,0.20982801447027383,2.0524610498776983e-10,0.3079667874034552,0.30796880220381834,0.3079688033277062,0.3079010600392027,0.3079687526689657,6.467343816039205e-05,0.3123079444683017,5.933851003565071e-09,4.4316872466427256e-07,0.3123106224627205,0.31238427908376,0.307904146984043,6.775313673397401e-05,6.775313673402233e-08
2983.64724028334,0.057800000000000004,0.05453973320000001,3.2502944011044783e-32,3.251118592984253e-32,0.04951345816109055,0.1189258011508044,0.11892580116970257,0.01664961462336547,0.07959882259737128,0.20981125363124464,2.949128887186795e-11,0.2745577092334013,0.27455950546271857,0.2745595064646839,0.2744991121531276,0.27455946130154196,5.765748696239463e-05,0.27842792572393865,5.290130641057777e-09,3.9509257109698795e-07,0.278430313202209,0.2784959793518384,0.27450186421776096,6.0403091423905316e-05,6.040309142394838e-08
3274.5491628777318,0.057800000000000004,0.05453973320000001,2.9595391418242126e-35,2.9602896055753546e-35,0.0494662749822744,0.11882158395194695,0.11882158397082854,0.016635024213367707,0.0795290684629179,0.20979286017210155,3.5072115132771326e-12,0.24204778672619587,0.24204937026698198,0.2420493711503063,0.24199612802890977,0.24204933133485695,5.0830359658844054e-05,0.24545973730773799,4.663735054956863e-09,3.483103157183325e-07,0.24546184208867036,0.2455197328185464,0.2419985542261391,5.325086165454391e-05,5.3250861654581884e-08
3593.8136638046294,0.057800000000000004,0.05453973320000001,1.3616362841373935e-38,1.3619815604201243e-38,0.049414543252139245,0.11870731082019637,0.1187073108390598,0.016619025972556697,0.07945258374174013,0.2097726752293758,3.3889874043714375e-13,0.21078137595095456,0.2107827549385928,0.21078275570781413,0.2107363902419709,0.21078272103550705,4.426437148583726e-05,0.21375258939595765,4.0612992386768174e-09,3.0331749196315147e-07,0.21375442229278763,0.21380483501443703,0.21073850303629652,4.637220625700491e-05,4.637220625703797e-08
3944.20605943766,0.057800000000000004,0.05453973320000001,2.961616856284175e-42,2.962367846890788e-42,0.049357830010304776,0.11858202268885386,0.11858202270769735,0.016601485631574767,0.07936872651611049,0.20975052451496776,2.607517512280415e-14,0.1810951055707845,0.1810962903429723,0.18109629100385713,0.18105645561093484,0.1810962612147684,3.803021491385145e-05,0.18364785583189566,3.4893092953044385e-09,2.6059851341569036e-07,0.18364943058508928,0.18369274322173954,0.1810582708410979,3.984118402195329e-05,3.98411840219817e-08
4328.7612810830615,0.057800000000000004,0.05453973320000001,2.8307678759984896e-46,2.8314856866362377e-46,0.049295662213255084,0.11844467131538028,0.11844467133420197,0.01658225643644473,0.07927679518157389,0.2097262168254099,1.562378387744212e-15,0.15330401655392872,0.15330501950944492,0.1533050200689095,0.1532712978668834,0.15330499485129284,3.219404896850573e-05,0.15546501845982763,2.9538353799409727e-09,2.2060672865061313e-07,0.15546635154936034,0.1555030173727966,0.15327283452947899,3.372710441609527e-05,3.3727104416119317e-08
4750.810162102798,0.057800000000000004,0.05453973320000001,1.0974157936219706e-50,1.0976940703176239e-50,0.049227523255165655,0.11829411146023629,0.11829411147903406,0.01656117805360736,0.07917602321212804,0.20969954240846725,7.114734893160113e-17,0.12768680156772447,0.12768763692862925,0.1276876373946069,0.12765955019757627,0.1276876163908727,2.681439948350687e-05,0.1294866984507192,2.4602472948878617e-09,1.8374318050438445e-07,0.1294878087800012,0.12951834771711881,0.12766083008271126,2.809128022759243e-05,2.809128022761246e-08
5214.00828799969,0.057800000000000004,0.05453973320000001,1.5802257236918463e-55,1.580626428689288e-55,0.04915284923508491,0.11812909247777578,0.11812909249654731,0.016538075392646318,0.0790655735318823,0.20967027117371315,2.3973099976678233e-18,0.10447114335220863,0.10447182683012304,0.10447182721137795,0.1044488467501923,0.10447181002648413,2.1939080139453743e-05,0.10594378800282118,2.0129319919552415e-09,1.5033550777981476e-07,0.10594469645512924,0.10596968288785574,0.10444989393018089,2.2983801987140438e-05,2.2983801987156826e-08
5722.3676593502205,0.057800000000000004,0.05453973320000001,7.673826000339098e-61,7.675771887171423e-61,0.049071024962559356,0.11794824929630358,0.11794824931504638,0.016512757343496016,0.07894453247787507,0.20963815073252645,5.804022968363176e-20,0.08382039492218216,0.083820943297426,0.08382094360331846,0.08380250567615248,0.08382092981535233,1.760239528841664e-05,0.08500194278538716,1.6150369288900498e-09,1.206187778614415e-07,0.08500267166447074,0.08502271904398276,0.08380334586069899,1.844060759324138e-05,1.8440607593254528e-08
6280.29144183426,0.057800000000000004,0.05453973320000001,1.1303810748041427e-66,1.1306677106555257e-66,0.048981379696245005,0.1177500927688141,0.11775009278752543,0.016485015425544834,0.07881190334167826,0.20960290425167047,9.776345098810604e-22,0.06582299328385485,0.06582342391532615,0.06582342415553928,0.06580894510712698,0.06582341332804073,1.3822916820242567e-05,0.06675084642910066,1.2682660946921216e-09,9.472025289849048e-08,0.06675141880773322,0.06676716173674474,0.06580960489239539,1.448115331462017e-05,1.4481153314630494e-08
6892.612104349702,0.057800000000000004,0.05453973320000001,4.496201519980887e-73,4.4973416421745394e-73,0.0488831826133317,0.11753299938199573,0.11753299940067255,0.016454622346895542,0.0786665994814797,0.20956422810323166,1.1058716779037232e-23,0.05048599329447087,0.05048632358722253,0.0504863237714651,0.050475218394687396,0.05048631546681362,1.060212626440931e-05,0.05119765323778471,9.727554211354364e-10,7.265008493402445e-08,0.05119809225008668,0.05121016701862666,0.050475724447556984,1.1106991230030292e-05,1.110699123003821e-08
7564.633275546291,0.057800000000000004,0.05453973320000001,4.250476275965246e-80,4.251554088495286e-80,0.04877563801190403,0.11729520031918718,0.11729520033782623,0.01642133047317892,0.07850743700175575,0.2095217892922097,8.080799875407455e-26,0.03773389785466159,0.03773414471982437,0.03773414485752969,0.0377258445523238,0.037734138650523545,7.924169128851414e-06,0.0382658018909282,7.270502431159022e-10,5.429963253457858e-08,0.0382661300145181,0.03827515485592408,0.037726222782918935,8.301511868886716e-06,8.301511868892634e-09
8302.175681319752,0.057800000000000004,0.05453973320000001,8.301533023442814e-88,8.303638080789399e-88,0.04865788025388378,0.11703476988354995,0.11703476990214759,0.016384870206797728,0.07833312700472693,0.20947522264145985,3.655292976196008e-28,0.027413517482184194,0.027413696828682707,0.027413696928725046,0.02740766679203613,0.027413692419361296,5.756875416959246e-06,0.027799943518879416,5.281989320809542e-10,3.9448453788056133e-08,0.02780018189928217,0.027806738408461523,0.027407941574966642,6.031013324486738e-06,6.031013324491038e-09
9111.627561154895,0.057800000000000004,0.05453973320000001,2.872326393697813e-96,2.8730547425172145e-96,0.04852896846319401,0.11674961330129356,0.11674961331984589,0.01634494827937792,0.0781422674268737,0.2094241277119887,9.767896320684458e-31,0.019304931153484185,0.0193050574514614,0.019305057521912434,0.019300811026594884,0.01930505434636384,4.054061418999229e-06,0.019577057050467788,3.719640876364563e-10,2.7780079115522132e-08,0.019577224920835624,0.019581842094038474,0.01930100453206382,4.247112654938498e-06,4.247112654941526e-09
10000.0,0.057800000000000004,0.05453973320000001,1.487234951747566e-105,1.4876120766535847e-105,0.048387881002542286,0.1164374539419641,0.11643745396046684,0.01630124596260882,0.07793333448528382,0.20936806543479644,1.4648857518805585e-33,0.01313781156707613,0.013137897518122152,0.013137897566067019,0.013135007648726266,0.013137895404973633,2.758958039306575e-06,0.013323004600331104,2.531370899090297e-10,1.8905503564685153e-08,0.013323118843124454,0.013326261022240727,0.013135139337276096,2.8903374646148867e-06,2.8903374646169475e-09
